CREATE DATABASE anime_recommender;
USE anime_recommender

DROP TABLE IF EXISTS `users`;
CREATE TABLE `users` (
  `user_id` int(11) NOT NULL AUTO_INCREMENT,
  `name` varchar(255) NOT NULL,
  `created_at` datetime NOT NULL,
  `updated_at` datetime NOT NULL,
  `session_id` varchar(255) NOT NULL,
  PRIMARY KEY (`user_id`),
  UNIQUE KEY `user_id` (`user_id`)
) ENGINE=InnoDB DEFAULT CHARSET=utf8;



DROP TABLE IF EXISTS `anime_data`;
CREATE TABLE `anime_data` (
  `anime_id` int(11) NOT NULL AUTO_INCREMENT,
  `title` varchar(255) NOT NULL,
  `image` varchar(127),
  `description` text NOT NULL,
  `year` varchar(127) NOT NULL,
  `genre` varchar(255) NOT NULL,
  `company` varchar(255) NOT NULL,
  PRIMARY KEY (`anime_id`),
  UNIQUE KEY `anime_id` (`anime_id`)
) ENGINE=InnoDB DEFAULT CHARSET=utf8;

LOCK TABLES `anime_data` WRITE;
/*!40000 ALTER TABLE `anime_data` DISABLE KEYS */;
INSERT INTO `anime_data` VALUES (1,'次のページ','unknown.png','description','2016','アニメ','unknown'),(2,'RS計画 -Rebirth Storage-','unknown.png','description','2016','ロボット','unknown'),(3,'アイカツスターズ!','unknown.png','description','2016','アイドル、ファッション、学園','BN Pictures'),(4,'アイドルメモリーズ','unknown.png','description','2016','アイドル','セブン・アークス・ピクチャーズ'),(5,'あおおに〜じ・あにめぇしょん〜','unknown.png','description','2016','ブラックコメディ[16]','スタジオディーン'),(6,'蒼の彼方のフォーリズム','unknown.png','description','2016','恋愛、スカイスポーツ','GONZO'),(7,'赤髪の白雪姫','unknown.png','description','2016','少女漫画、王宮ファンタジー','ボンズ'),(8,'アクティヴレイド -機動強襲室第八係-','unknown.png','description','2016','近未来SF、アクション','プロダクションアイムズ'),(9,'アグレッシブ烈子','unknown.png','description','2016','アニメ','unknown'),(10,'朝だよ!貝社員','unknown.png','description','2016','アニメ','unknown'),(11,'亜人 (漫画)','unknown.png','description','2016','アクション','ポリゴン・ピクチュアズ'),(12,'あにトレ!XX 〜ひとつ屋根の下で〜','unknown.png','description','2016','エクササイズ','ライジングフォース'),(13,'アバローのプリンセス エレナ','unknown.png','description','2016','ファンタジー、ミュージカル、冒険','ディズニー・テレビジョン・アニメーションイコン・クリエイティブスタジオアークプロダクションLtd.・トロント'),(14,'甘々と稲妻','unknown.png','description','2016','料理・グルメホームドラマ（食育）','TMS/3xCube'),(15,'あまんちゅ!','unknown.png','description','2016','日常、青春','J.C.STAFF'),(16,'雨色ココア in Hawaii','unknown.png','description','2016','喫茶店、日常、コメディ','EMTスクエアード'),(17,'アルスラーン戦記 風塵乱舞','unknown.png','description','2016','ファンタジー','アニメイトフィルム'),(18,'あはれ!名作くん','unknown.png','description','2016','シュール学園コメディ[1]','Pie in the sky'),(19,'暗殺教室','unknown.png','description','2016','少年漫画、学園、風刺ブラック・コメディクライム・サスペンス','Lerche'),(20,'アンジュ・ヴィエルジュ','unknown.png','description','2016','学園、ファンタジー','SILVER LINK. / CONNECT'),(21,'あんハピ♪','unknown.png','description','2016','学園、ブラックコメディ','SILVER LINK.'),(22,'イナズマデリバリー','unknown.png','description','2016','シチュエーション・コメディ','カナバングラフィックス'),(23,'ViVid Strike!','unknown.png','description','2016','格闘、魔法少女','セブン・アークス・ピクチャーズ'),(24,'うさかめ','unknown.png','description','2016','テニス、ギャグ','MAPPA（第1期 - 第3期）ミルパンセ（第4期以降）'),(25,'うしおととら','unknown.png','description','2016','少年漫画、怪奇ファンタジーホラー、バトル、アクション','PASTEL'),(26,'うたの☆プリンスさまっ♪ マジLOVEレジェンドスター','unknown.png','description','2016','恋愛アドベンチャーゲーム','A-1 Pictures'),(27,'宇宙パトロールルル子','unknown.png','description','2016','SF','TRIGGER'),(28,'うどんの国の金色毛鞠','unknown.png','description','2016','ハートフル、ファンタジー','ライデンフィルム'),(29,'エンドライド','unknown.png','description','2016','ハイ・ファンタジー','ブレインズ・ベースラパントラック'),(30,'大家さんは思春期!','unknown.png','description','2016','4コマ漫画、コメディ','セブン・アークス・ピクチャーズ'),(31,'ALL OUT!!','unknown.png','description','2016','ラグビー、スポーツ','トムス・エンタテインメントMADHOUSE'),(32,'Occultic;Nine -オカルティック・ナイン-','unknown.png','description','2016','SF、オカルト','A-1 Pictures'),(33,'おくさまが生徒会長!+!','unknown.png','description','2016','学園、ラブコメ','セブン'),(34,'おしえて! ギャル子ちゃん','unknown.png','description','2016','学園、日常、コメディ','feel.'),(35,'おじさんとマシュマロ','unknown.png','description','2016','コメディ','Creators in Pack'),(36,'OZMAFIA!!','unknown.png','description','2016','童話、マフィア、恋愛','クリエイターズインパック'),(37,'オトナの一休さん','unknown.png','description','2016','ノンフィクション','unknown'),(38,'鬼斬','unknown.png','description','2016','日本の歴史','ぴえろプラス'),(39,'想いのかけら','unknown.png','description','2016','アニメ','福島ガイナックス'),(40,'Orange (漫画)','unknown.png','description','2016','SF、青春、恋愛漫画、学園漫画少女漫画、青年漫画','テレコム・アニメーションフィルム'),(41,'カードファイト!! ヴァンガードG ストライドゲート編','unknown.png','description','2016','カードゲーム、学園、ファンタジー','トムス・エンタテインメントスタジオさきまくら（第1期第34話 - 第65話）'),(42,'カードファイト!! ヴァンガードG NEXT','unknown.png','description','2016','カードゲーム、学園、ファンタジー','トムス・エンタテインメントスタジオさきまくら（第1期第34話 - 第65話）'),(43,'ガーリッシュ ナンバー','unknown.png','description','2016','声優、青春','ディオメディア'),(44,'怪盗ジョーカー','unknown.png','description','2016','アクション','シンエイ動画'),(45,'学園ハンサム','unknown.png','description','2016','ボーイズラブ、コメディ','チーム欲求腐満'),(46,'学戦都市アスタリスク','unknown.png','description','2016','SF、学園、ラブコメ','A-1 Pictures'),(47,'影鰐-KAGEWANI-承','unknown.png','description','2016','パニックサスペンス、シリアス、UMA、SF','Tomovies'),(48,'彼女と彼女の猫 -Everything Flows-','unknown.png','description','2016','日常','ライデンフィルム京都スタジオ'),(49,'神々の記','unknown.png','description','2016','エジプト神話','想通'),(50,'カミワザ・ワンダ','unknown.png','description','2016','SFファンタジー、アドベンチャー、ギャグ','トムス・エンタテインメント'),(51,'がんがんがんこちゃん','unknown.png','description','2016','人形劇','unknown'),(52,'次のページ','unknown.png','description','2017','アニメ','unknown'),(53,'Aiseki MOGOL GIRL','unknown.png','description','2017','アニメ','IKEAnimations'),(54,'ID-0','unknown.png','description','2017','SF、ロボット','サンジゲン'),(55,'アイドル事変','unknown.png','description','2017','アイドル、選挙','MAPPA / VOLN'),(56,'アイドルタイムプリパラ','unknown.png','description','2017','アイドル、ファッション、音楽','タツノコプロ、DONGWOO A&E'),(57,'アイドルマスター SideM','unknown.png','description','2017','男性アイドル','A-1 Pictures'),(58,'アイドルマスター シンデレラガールズ劇場','unknown.png','description','2017','アイドル','ギャザリング'),(59,'青の祓魔師 京都不浄王篇','unknown.png','description','2017','ダーク・ファンタジー、バトルアクション','A-1 Pictures'),(60,'AKIBA\'S TRIP -THE ANIMATION-','unknown.png','description','2017','バトル','GONZO'),(61,'アキンド星のリトル・ペソ','unknown.png','description','2017','アニメ','ファンワークスFEVER creations'),(62,'アクションヒロイン チアフルーツ','unknown.png','description','2017','ローカルヒーロー','ディオメディア'),(63,'ACCA13区監察課','unknown.png','description','2017','群像劇','マッドハウス'),(64,'アトム ザ・ビギニング','unknown.png','description','2017','SF','OLM、Production I.GSIGNAL.MD'),(65,'兄に付ける薬はない!','unknown.png','description','2017','コメディ','イマジニア、ファンワークスPlanet Cartoon（第3期）'),(66,'アニ×パラ〜あなたのヒーローは誰ですか〜','unknown.png','description','2017','ファミリー・一般向けアニメ、SFギャグアニメ','unknown'),(67,'アニメガタリズ','unknown.png','description','2017','アニメ、学園','ワオワールド'),(68,'アホガール','unknown.png','description','2017','学園、ギャグ、4コマ、少年漫画','ディオメディア'),(69,'雨色ココアシリーズ『あめこん!!』','unknown.png','description','2017','喫茶店、日常、コメディ','EMTスクエアード'),(70,'アリスと蔵六','unknown.png','description','2017','SFファンタジー青年向け少年漫画超能力','J.C.STAFF'),(71,'イケメン戦国◆時をかけるが恋は始まらない','unknown.png','description','2017','戦国、恋愛','トムス・ジーニーズトムス・エンタテインメント'),(72,'異世界食堂','unknown.png','description','2017','ファンタジー、料理・グルメ、なろう系[1]','SILVER LINK.'),(73,'異世界はスマートフォンとともに。','unknown.png','description','2017','異世界ファンタジー ハーレム なろう系[1]','プロダクション リード'),(74,'いつだって僕らの恋は10センチだった。','unknown.png','description','2017','学園、恋愛','Lay-duce'),(75,'イナズマデリバリー','unknown.png','description','2017','シチュエーション・コメディ','カナバングラフィックス'),(76,'いぬやしき','unknown.png','description','2017','青年漫画、SF','MAPPA'),(77,'妹さえいればいい。','unknown.png','description','2017','青春ラブコメディ','SILVER LINK.'),(78,'Infini-T Force','unknown.png','description','2017','ヒーロー','タツノコプロデジタル・フロンティア'),(79,'Wake Up Girls! 新章','unknown.png','description','2017','アイドル、ヒューマンドラマ','Ordet×タツノコプロ'),(80,'有頂天家族2','unknown.png','description','2017','コメディ、群像劇ファンタジー（妖術、現代の御伽噺）','P.A.WORKS'),(81,'URAHARA','unknown.png','description','2017','SF','白組×EMTスクエアード'),(82,'うらら迷路帖','unknown.png','description','2017','占い','J.C.STAFF'),(83,'“栄光なき天才たち”からの物語','unknown.png','description','2017','アニメ','unknown'),(84,'18if','unknown.png','description','2017','ファンタジー','GONZO'),(85,'EVIL OR LIVE','unknown.png','description','2017','学園','絵梦'),(86,'エルドライブ【elDLIVE】','unknown.png','description','2017','バトル、SF（宇宙）、宇宙警察','studioぴえろ'),(87,'エロマンガ先生','unknown.png','description','2017','ホームドラマ、ラブコメ業界、ライトノベル','A-1 Pictures'),(88,'王様ゲーム The Animation','unknown.png','description','2017','ホラー、学園','セブン'),(89,'王室教師ハイネ','unknown.png','description','2017','王室コメディ','ブリッジ'),(90,'OK K.O.! めざせヒーロー','unknown.png','description','2017','アニメ','カートゥーン・ネットワーク・スタジオサイエンスSARU'),(91,'お酒は夫婦になってから','unknown.png','description','2017','コメディ、グルメ','Creators in Pack'),(92,'おそ松さん','unknown.png','description','2017','ギャグ[注 1]、ブラックコメディ','studioぴえろ'),(93,'オトッペ','unknown.png','description','2017','帯番組子供向け番組教養番組','pH studio'),(94,'鬼平 (アニメ)','unknown.png','description','2017','時代劇','スタジオM2'),(95,'おにゃんこポン','unknown.png','description','2017','ダンス','京風とまと'),(96,'お見合い相手は教え子、強気な、問題児。','unknown.png','description','2017','ティーンズラブ','セブン'),(97,'俺たちゃ妖怪人間','unknown.png','description','2017','ホラー','第一動画'),(98,'終物語','unknown.png','description','2017','青春怪異小説','シャフト'),(99,'カードファイト!! ヴァンガードG Z','unknown.png','description','2017','カードゲーム、学園、ファンタジー','トムス・エンタテインメントスタジオさきまくら（第1期第34話 - 第65話）'),(100,'カイトアンサ','unknown.png','description','2017','パズル','天狗工房'),(101,'ガヴリールドロップアウト','unknown.png','description','2017','学園、コメディ','動画工房'),(102,'CHAOS;CHILD','unknown.png','description','2017','SF、サスペンスホラー','SILVER LINK.'),(103,'賭ケグルイ','unknown.png','description','2017','学園、賭博','MAPPA'),(104,'活撃 刀剣乱舞','unknown.png','description','2017','育成シミュレーション','unknown'),(105,'カブキブ!','unknown.png','description','2017','歌舞伎、部活、青春','スタジオディーン'),(106,'Caribadix','unknown.png','description','2017','アニメ','ファンワークス'),(107,'牙狼-GARO- -VANISHING LINE-','unknown.png','description','2017','伝奇、ファンタジーヒーロー、アクション','MAPPA'),(108,'キノの旅 -the Beautiful World- the Animated Series','unknown.png','description','2017','ファンタジー','A.C.G.T'),(109,'キャッチーくんのナイスキャッチ!','unknown.png','description','2017','ショートアニメ+実写','DLE[1]'),(110,'境界のRINNE','unknown.png','description','2017','少年漫画、ファンタジー、ハートフルコメディバトル、オカルト、ラブコメディ','ブレインズ・ベース'),(111,'恐竜少女ガウ子','unknown.png','description','2017','アニメ','unknown'),(112,'キラキラ☆プリキュアアラモード','unknown.png','description','2017','変身ヒロイン、グルメ、動物、スイーツ戦闘美少女、女児向けアニメ','東映アニメーション'),(113,'銀魂.','unknown.png','description','2017','SF、時代劇、ギャグバトルアクション','サンライズ'),(114,'銀の墓守り','unknown.png','description','2017','オンラインゲーム異世界バトルファンタジー','絵梦'),(115,'クジラの子らは砂上に歌う','unknown.png','description','2017','SF、ファンタジー','J.C.STAFF'),(116,'クズの本懐','unknown.png','description','2017','恋愛','Lerche'),(117,'クライドとウィリス','unknown.png','description','2017','スラップスティック、喜劇、冒険','unknown'),(118,'クラシカロイド','unknown.png','description','2017','音楽、ギャグ[1]、SF','サンライズ（第1シリーズ）BNピクチャーズ（第2シリーズ）'),(119,'GLAMOROUS HEROES','unknown.png','description','2017','エレクトロニック・スポーツ','drop'),(120,'GRANBLUE FANTASY The Animation','unknown.png','description','2017','ファンタジー、アドベンチャー','A-1 Pictures'),(121,'クリオネの灯り','unknown.png','description','2017','アニメ','drop、京風とまと'),(122,'クロックワーク・プラネット','unknown.png','description','2017','ファンタジー、SF、ロボット','XEBEC'),(123,'ゲーマーズ!','unknown.png','description','2017','学園、ラブコメ','PINE JAM'),(124,'血界戦線 & BEYOND','unknown.png','description','2017','SF伝奇アクション、吸血鬼','ボンズ'),(125,'潔癖男子!青山くん','unknown.png','description','2017','青年漫画、サッカー学園、ギャグ','スタジオ雲雀'),(126,'けものフレンズ (アニメ)','unknown.png','description','2017','動物、萌え擬人化、冒険','unknown'),(127,'喧嘩番長 乙女 -Girl Beats Boys-','unknown.png','description','2017','不良、恋愛','project No.9×A-Real'),(128,'恋と嘘','unknown.png','description','2017','恋愛、学園漫画','ライデンフィルム'),(129,'Code:Realize 〜創世の姫君〜','unknown.png','description','2017','恋愛、スチームパンク','M.S.C'),(130,'この素晴らしい世界に祝福を!2','unknown.png','description','2017','異世界ファンタジー、コメディ[1]','スタジオディーン'),(131,'このはな綺譚','unknown.png','description','2017','異世界、ファンタジー、百合','Lerche'),(132,'小林さんちのメイドラゴン','unknown.png','description','2017','コメディ、ファンタジー、異種間交流','京都アニメーション'),(133,'怖いものはおもしろい','unknown.png','description','2017','アニメ','unknown'),(134,'コンビニカレシ','unknown.png','description','2017','青春、学園','studioぴえろ'),(135,'最遊記RELOAD BLAST','unknown.png','description','2017','西遊記 ファンタジー コメディ アドベンチャー','プラチナビジョン'),(136,'冴えない彼女の育てかた♭','unknown.png','description','2017','ラブコメディ','A-1 Pictures'),(137,'サクラクエスト','unknown.png','description','2017','観光','P.A.WORKS'),(138,'サクラダリセット','unknown.png','description','2017','ファンタジー、学園','david production'),(139,'札幌乙女ごはん。','unknown.png','description','2017','グルメ漫画','unknown'),(140,'THE REFLECTION','unknown.png','description','2017','バトルアクション、ヒーロー','スタジオディーン'),(141,'3月のライオン','unknown.png','description','2017','青春、将棋、青年漫画','シャフト'),(142,'時間の支配者','unknown.png','description','2017','ファンタジー','project No.9'),(143,'地獄少女 宵伽','unknown.png','description','2017','伝奇・ホラー ミステリー サスペンス','スタジオディーン'),(144,'シャイニングスター','unknown.png','description','2017','アイドル 学園 子供向けアニメ 少女向けアニメ','MARO STUDIO'),(145,'Just Because!','unknown.png','description','2017','恋愛、学園','PINE JAM'),(146,'SHADOW OF LAFFANDOR ラファンドール国物語 〜FANTASY PICTURE STORY〜','unknown.png','description','2017','ファンタジー','unknown'),(147,'十二大戦','unknown.png','description','2017','バトルロイヤル','グラフィニカ'),(148,'終末なにしてますか? 忙しいですか? 救ってもらっていいですか?','unknown.png','description','2017','コメディ、ファンタジー','サテライト×C2C'),(149,'Juratic','unknown.png','description','2017','アニメ','unknown'),(150,'将国のアルタイル','unknown.png','description','2017','ファンタジー','MAPPA'),(151,'少女終末旅行','unknown.png','description','2017','青年漫画、SF、ポストアポカリプス','WHITE FOX'),(152,'少年アシベ GO! GO! ゴマちゃん','unknown.png','description','2017','日常、コメディ','ライフワーク'),(153,'昭和元禄落語心中 -助六再び篇-','unknown.png','description','2017','人間ドラマ、落語','スタジオディーン'),(154,'食戟のソーマ 餐ノ皿','unknown.png','description','2017','料理・グルメ、学園','J.C.STAFF'),(155,'シルバニアファミリー ミニストーリー','unknown.png','description','2017','アニメ','unknown'),(156,'進撃の巨人 (アニメ)','unknown.png','description','2017','少年向け、ダークファンタジーアクション、風刺','WIT STUDIO（第1期 - 第3期）MAPPA（第4期）'),(157,'神撃のバハムート VIRGIN SOUL','unknown.png','description','2017','ファンタジー','MAPPA'),(158,'Sin 七つの大罪','unknown.png','description','2017','ダーク・ファンタジー','アニメーションスタジオ・アートランド[1] × ティー・エヌ・ケー'),(159,'SUPER LOVERS 2','unknown.png','description','2017','ボーイズラブ、ラブコメ、日常','スタジオディーン'),(160,'スカートの中はケダモノでした。','unknown.png','description','2017','ティーンズラブ','マジックバス'),(161,'スクールガールストライカーズ Animation Channel','unknown.png','description','2017','アニメ','unknown'),(162,'スタミュ','unknown.png','description','2017','学園、ミュージカル','C-Station'),(163,'スナックワールド','unknown.png','description','2017','冒険、ファンタジー','OLM Digital'),(164,'Spiritpact','unknown.png','description','2017','ファンタジー','韓国絵梦'),(165,'正解するカド','unknown.png','description','2017','SF','東映アニメーション'),(166,'セイレン (アニメ)','unknown.png','description','2017','学園、ラブコメ、青春、恋愛','Studio五組 × AXsiZ'),(167,'世界の闇図鑑','unknown.png','description','2017','ホラー･オカルト･SF･ＵＭA','ILCA'),(168,'ゼロから始める魔法の書','unknown.png','description','2017','ファンタジー','WHITE FOX'),(169,'戦姫絶唱シンフォギアAXZ','unknown.png','description','2017','SF、変身ヒロイン、戦闘美少女','サテライト[注 1]'),(170,'戦刻ナイトブラッド','unknown.png','description','2017','恋愛、ファンタジー','颱風グラフィックス'),(171,'戦隊ヒーロー スキヤキフォース','unknown.png','description','2017','戦隊ヒーロー','STUDIO4℃'),(172,'セントールの悩み','unknown.png','description','2017','学園、青春、日常、ファンタジー','絵梦'),(173,'僧侶と交わる色欲の夜に…','unknown.png','description','2017','ティーンズラブ','アニメーションスタジオ・セブン'),(174,'ソード・オラトリア ダンジョンに出会いを求めるのは間違っているだろうか外伝','unknown.png','description','2017','ファンタジー','unknown'),(175,'大正メビウスライン ちっちゃいさん','unknown.png','description','2017','ボーイズラブ','studio A-CAT'),(176,'DYNAMIC CHORD','unknown.png','description','2017','恋愛、音楽','studioぴえろ'),(177,'DIVE!!','unknown.png','description','2017','スポ根青春物','ゼロジー'),(178,'タイムボカン 逆襲の三悪人','unknown.png','description','2017','ロボット ギャグ','タツノコプロ'),(179,'ダックテイルズ','unknown.png','description','2017','アニメ','ディズニー・テレビジョン・アニメーションスニップル・アニメーションスタジオ'),(180,'探偵オペラ ミルキィホームズ アルセーヌ 華麗なる欲望','unknown.png','description','2017','ファンタジー、ギャグ','J.C.STAFF'),(181,'チェインクロニクル 〜ヘクセイタスの閃〜','unknown.png','description','2017','ファンタジー','テレコム・アニメーションフィルムグラフィニカ'),(182,'超耕21ガッター','unknown.png','description','2017','アニメ','Zinnia Works 一色美奈子'),(183,'超・少年探偵団NEO','unknown.png','description','2017','日常、ミステリ','ディー・エル・イー'),(184,'ちょぼらうにょぽみ劇場第三幕 あいまいみー 〜surgical friends〜','unknown.png','description','2017','ギャグ、4コマ漫画','セブン'),(185,'ちるらん にぶんの壱','unknown.png','description','2017','時代劇','ランドック・スタジオ'),(186,'ツインエンジェルBREAK','unknown.png','description','2017','怪盗、変身ヒロイン','ノーマッド'),(187,'つうかあ (アニメ)','unknown.png','description','2017','レーシングニーラー','SILVER LINK.'),(188,'月がきれい','unknown.png','description','2017','恋愛、青春、学園','feel.'),(189,'TSUKIPRO THE ANIMATION','unknown.png','description','2017','アイドル','ピー・アール・エー'),(190,'つぐもも','unknown.png','description','2017','妖怪退治ファンタジー、学園','ゼロジー'),(191,'徒然チルドレン','unknown.png','description','2017','4コマ漫画、学園、ラブコメ','Studio五組'),(192,'ディアホライゾン（被）','unknown.png','description','2017','冒険、ファンタジー','ファンワークス'),(193,'Dies irae (アニメ)','unknown.png','description','2017','学園、ファンタジー','ACGT'),(194,'テイルズ オブ ゼスティリア ザ クロス','unknown.png','description','2017','ファンタジー','ufotable'),(195,'てーきゅう','unknown.png','description','2017','テニス、ギャグ','MAPPA（第1期 - 第3期）ミルパンセ（第4期以降）'),(196,'亜人ちゃんは語りたい','unknown.png','description','2017','ファンタジー、ハーレムもの学園、コメディ','A-1 Pictures'),(197,'デュエル・マスターズ (アニメ)','unknown.png','description','2017','トレーディングカードゲーム','スタジオ雲雀'),(198,'天使の3P!','unknown.png','description','2017','ガールズバンド','project No.9'),(199,'トミカハイパーレスキュー ドライブヘッド 機動救急警察','unknown.png','description','2017','レスキューロボットアニメ','OLM'),(200,'ドリフェス!R','unknown.png','description','2017','アイドル','BN Pictures'),(201,'アーヤと魔女','NULL','ダイアナ・ウィン・ジョーンズによるファンタジー小説、またそれを原作としたスタジオジブリ制作のアニメーション作品。','2020','ファンタジー','スタジオジブリ'),(202,'五等分の花嫁','gotoubunn.jpg','春場ねぎによる日本の漫画作品。','2019','ラブコメディ','	手塚プロダクション'),(203,'PSYCHO-PASS サイコパス 3','psychopass3.jpeg','Production I.G制作による日本のオリジナルテレビアニメ作品、および、これを原作としたメディアミックス作品。','2019秋','SF アクション クライムサスペンス','ProductionI.G'),(204,'鬼滅の刃','kimetsunoyaiba.png','大正時代を舞台に主人公が鬼と化した妹を人間に戻す方法を探すために戦う姿を描く和風剣戟奇譚。','2019','剣劇 ダーク・ファンタジー','ufotable'),(205,'呪術廻戦','jujutukaisen.jpeg','人間の負の感情から生まれる化け物・呪霊を呪術を使って祓う呪術師の闘いを描いた、ダークファンタジー・バトル漫画。','2020秋','ダーク・ファンタジー','MAPPA'),(206,'進撃の巨人','shingeki.png','圧倒的な力を持つ巨人とそれに抗う人間達との戦いを描いたダーク・ファンタジー漫画。','2017','ダークファンタジー アクション','MAPPA'),(207,'ノラと皇女と野良猫ハート','noratokoujoto.jpg','日本のアダルトゲームブランドであるHARUKAZEより2016年2月26日に発売された成人向け美少女ゲーム原作。地上世界に住むごく普通の少年・ノラが、冥界の皇女・パトリシアの魔法によって猫の姿にされてしまうというファンタジー作品。','2017夏','恋愛 学園 ファンタジー','ダブトゥーンスタジオ'),(208,'京都寺町三条のホームズ','kyototeramachisanjo.png','京都へ移り住んで半年になる女子高生の真城葵は、とある事情により亡き祖父の骨董品を鑑定してもらうべく、寺町三条商店街にポツリと佇む骨董品店『蔵』を訪れる。しかしそこで出逢った鑑定士の家頭清貴は美形で上品で柔らかな物腰でありながら、実は「ホームズ」の異名で呼ばれるほど怖ろしく鋭い人物で、葵が骨董品を家族に内緒でこっそり持ち出してきたことをその場で見抜いてしまう。どうしてもお金が必要だった葵に、清貴は『蔵』でアルバイトをしてはどうかと持ち掛け、その日から葵は彼と共に骨董品と京都にまつわる様々な出来事に遭遇していくことに。','2018夏','ミステリー','アニメーションスタジオ・セブン'),(209,'SSSS.GRIDMAN','gridman.jpg','響裕太はある日、クラスメイトの宝多六花の家の前で倒れ、自分の名前を含むすべての記憶を思いだせない状態で目覚める。混乱する裕太は、六花の家が営むジャンクショップに置かれていた古いパソコンから呼びかけて来るハイパーエージェントグリッドマンから、自身の使命を果たすように諭される。裕太は戸惑いながらも日常生活に戻るが、街に謎の怪獣が現れたとき、グリッドマンに導かれるまま彼と合体して怪獣を撃破する。かくして裕太は、六花や友人の内海将とグリッドマン同盟を結成し、怪獣の脅威に立ち向かう。','2018秋','SF','TRIGGER'),(210,'ゴールデンカムイ','goldenkamui.jpg','明治末期、日露戦争終結直後の北海道周辺を舞台とした、金塊をめぐるサバイバルバトル漫画。また戊辰戦争・日露戦争・ロシア革命などの歴史ロマン要素のほか、狩猟・グルメ要素、アイヌなどの民俗文化の紹介要素も併せ持つ。','2018/2020','冒険 歴史 青年漫画','ジェノスタジオ'),(211,'ご注文はうさぎですか？','gochiusa.jpg','高校入学を機に「木組みの家と石畳の街」に引っ越してきたココア。下宿先を探しつつ休憩がてら喫茶店に入ると、偶然にもそこが自分の下宿先ラビットハウスであった。ココアは、お世話になる家に奉仕をするという高校の方針により、ラビットハウスの店員として、そしてラビットハウスの一人娘であるチノの“自称”姉として働くことになるのであった。','2014','日常','WHITE FOX'),(212,'銀魂','gintama.jpg','宇宙の知的生物天人（あまんと）諸族によって開国を強要され、銀河文明が導入された江戸のかぶき町を主たる舞台とする物語である。','2011-2018','SF 時代劇 ギャグ','サンライズ'),(213,'PUI PUI モルカー','molcar.png','モルモットの車「モルカー」の日常を描いたストップモーションアニメであり、作中には羊毛フェルトで作られたモルカーやジオラマ用の人形が登場するほか、人間の俳優が登場する場面もある。','2021','コメディ','シンエイ動画、ジャパングリーンハーツ'),(214,'ポプテピピック','popteamepic.jpg','作風は主に時事ネタや、ブラックユーモア、風刺ギャグ、ナンセンス、スラップスティック、1980年代後半以降のアニメやゲーム、ドラマなどを元ネタとするパロディが特徴。また、「クソ漫画」であることをたびたび自称しており、オチがなかったり、コマのコピーアンドペーストを繰り返したり、第四の壁を破ったりと、本来漫画ではタブーとされているようなことも頻繁に描かれる。','2018','ギャグ シュール','神風動画 キングレコード'),(215,'妖怪ウォッチ','youkaiwatch.jpg','原作ゲームとリンクしながらも、アニメでは主に小学生の普遍的な日常を舞台としたコメディ色が濃厚なギャグアニメとなっている。','2014','ギャグ ファンタジー','テレビ東京、電通、OLM');
/*!40000 ALTER TABLE `anime_data` ENABLE KEYS */;
UNLOCK TABLES;

DROP TABLE IF EXISTS `likeunlike`;
CREATE TABLE `likeunlike` (
  `id` int(11) NOT NULL AUTO_INCREMENT,
  `user_id` int(11) NOT NULL,
  `anime_id` int(11) NOT NULL,
  `status` int(11) NOT NULL,
  `created_at` datetime NOT NULL DEFAULT CURRENT_TIMESTAMP,
  `updated_at` datetime NOT NULL DEFAULT CURRENT_TIMESTAMP ON UPDATE CURRENT_TIMESTAMP,
  PRIMARY KEY (`id`),
  UNIQUE KEY `id` (`id`)
) ENGINE=InnoDB DEFAULT CHARSET=utf8;

LOCK TABLES `likeunlike` WRITE;
/*!40000 ALTER TABLE `likeunlike` DISABLE KEYS */;
INSERT INTO `likeunlike` VALUES (1,1,1,0,'2021-03-19 22:48:57','2021-03-19 22:49:36'),(2,1,2,2,'2021-03-19 22:48:57','2021-03-19 22:49:36'),(3,1,3,1,'2021-03-19 22:48:57','2021-03-19 22:49:36'),(4,2,2,1,'2021-03-19 22:48:57','2021-03-19 22:49:36'),(5,2,1,1,'2021-03-19 22:48:57','2021-03-19 22:49:36');
/*!40000 ALTER TABLE `likeunlike` ENABLE KEYS */;
UNLOCK TABLES;

DROP TABLE IF EXISTS `recommended`;
CREATE TABLE `recommended` (
  `id` int(11) NOT NULL AUTO_INCREMENT,
  `user_id` int(11) NOT NULL,
  `anime_id` int(11) NOT NULL,
  `created_at` datetime NOT NULL DEFAULT CURRENT_TIMESTAMP,
  `updated_at` datetime NOT NULL DEFAULT CURRENT_TIMESTAMP ON UPDATE CURRENT_TIMESTAMP,
  PRIMARY KEY (`id`),
  UNIQUE KEY `id` (`id`)
) ENGINE=InnoDB DEFAULT CHARSET=utf8;

LOCK TABLES `recommended` WRITE;
/*!40000 ALTER TABLE `recommended` DISABLE KEYS */;
INSERT INTO `recommended` VALUES (1,1,3,'2021-03-20 16:36:02','2021-03-20 16:36:02'),(2,1,2,'2021-03-20 16:36:16','2021-03-20 16:36:16'),(3,1,5,'2021-03-20 16:36:22','2021-03-20 16:36:22'),(4,2,2,'2021-03-20 16:36:25','2021-03-20 16:36:25'),(5,2,7,'2021-03-20 16:36:29','2021-03-20 16:36:29');
/*!40000 ALTER TABLE `recommended` ENABLE KEYS */;
UNLOCK TABLES;
